airline,origin_airport,Stopover_Airport,destination_airport,Origin_Departure_Delay,Stopover_Arrival_Delay,Stopover_Departure_Delay,Destination_Arrival_Delay
AA,SFO,MIA,MIA,-3,-11,35,34
VX,SFO,LAX,LAX,14,0,0,-28
AA,SFO,LAX,LAX,-8,-15,-5,-22
VX,SFO,LAX,LAX,-1,11,0,-28
DL,SFO,ATL,ATL,0,-12,35,26
AA,SFO,PHX,PHX,-5,8,33,78
B6,SFO,FLL,FLL,13,10,67,67
VX,SFO,LAX,LAX,0,2,62,40
DL,SFO,ATL,ATL,-1,-18,0,0
VX,SFO,LAX,LAX,-6,-11,66,52
AA,SFO,LAX,LAX,-14,-7,-2,-40
AA,SFO,LAX,LAX,-14,-7,15,6
VX,SFO,LAX,LAX,85,85,20,-12
VX,SFO,LAX,LAX,25,35,20,-12
AA,SFO,LAX,LAX,-6,19,33,3
AA,SFO,LAX,LAX,-6,19,-2,-40
AA,SFO,LAX,LAX,-8,19,33,3
VX,SFO,LAX,LAX,-4,5,20,-12
B6,SFO,FLL,FLL,8,10,0,2
DL,SFO,ATL,ATL,-9,6,-2,-19
AA,SFO,PHX,PHX,-5,-24,-1,-34
DL,SFO,ATL,ATL,2,-8,1,-13
AA,SFO,MIA,MIA,2,-11,-1,-20
VX,SFO,LAX,LAX,5,0,23,-1
AA,SFO,LAX,LAX,1,-10,-7,-34
DL,SFO,ATL,ATL,0,-10,-2,14
VX,SFO,LAX,LAX,6,5,23,-1
DL,SFO,ATL,ATL,2,-11,-2,14
AA,SFO,PHX,PHX,-1,1,-4,-43
AA,SFO,LAX,LAX,-7,-18,-4,-31
AA,SFO,LAX,LAX,-7,-18,19,-3
B6,SFO,FLL,FLL,-2,-13,48,33
B6,SFO,FLL,FLL,-2,-13,87,73
VX,SFO,LAX,LAX,-1,-11,-4,-33
DL,SFO,ATL,ATL,-2,-21,-3,-24
AA,SFO,PHX,PHX,-5,-14,-1,-34
VX,SFO,LAX,LAX,-6,-11,8,-3
AA,SFO,LAX,LAX,-3,-22,-6,-26
AA,SFO,LAX,LAX,-8,-17,-5,-43
AA,SFO,LAX,LAX,-8,-17,-4,-8
VX,SFO,LAX,LAX,23,16,0,-15
VX,SFO,LAX,LAX,-5,-1,0,-15
AA,SFO,LAX,LAX,-3,-14,-5,-18
AA,SFO,LAX,LAX,-3,-14,-5,-43
AA,SFO,LAX,LAX,-6,-18,-5,-18
B6,SFO,FLL,FLL,-1,-8,29,28
DL,SFO,ATL,ATL,-3,-9,-2,-16
DL,SFO,ATL,ATL,-1,-18,-1,-29
AA,SFO,MIA,MIA,2,-13,-5,-7
VX,SFO,LAX,LAX,1,2,-1,-23
DL,SFO,ATL,ATL,2,-8,0,-21
VX,SFO,LAX,LAX,4,8,-1,-23
DL,SFO,ATL,ATL,-1,-23,0,-21
AA,SFO,PHX,PHX,0,-17,-3,-30
AA,SFO,LAX,LAX,0,2,8,19
AA,SFO,LAX,LAX,0,2,-4,-19
B6,SFO,FLL,FLL,121,109,39,35
VX,SFO,LAX,LAX,-4,-10,2,-24
DL,SFO,ATL,ATL,0,-19,-1,-30
AA,SFO,PHX,PHX,0,-16,-8,-33
VX,SFO,LAX,LAX,-3,-7,16,3
AA,SFO,PHX,PHX,-7,-14,0,-15
AA,SFO,LAX,LAX,-3,-6,3,-27
AA,SFO,LAX,LAX,-3,-6,-6,-14
VX,SFO,LAX,LAX,-4,14,2,-12
AA,SFO,LAX,LAX,-3,-9,-3,-12
AA,SFO,LAX,LAX,-3,-9,3,-27
AA,SFO,LAX,LAX,-4,-14,-3,-12
VX,SFO,LAX,LAX,-5,-4,2,-12
B6,SFO,FLL,FLL,0,7,-3,4
DL,SFO,ATL,ATL,74,57,4,-10
AA,SFO,MIA,MIA,3,-14,-1,-18
AA,SFO,PHX,PHX,-3,-17,-4,2
DL,SFO,ATL,ATL,2,-15,-2,-9
AA,SFO,MIA,MIA,17,-7,46,52
VX,SFO,LAX,LAX,0,2,21,6
AA,SFO,LAX,LAX,5,2,30,28
VX,SFO,LAX,LAX,0,-3,21,6
DL,SFO,ATL,ATL,1,-18,52,44
AA,SFO,PHX,PHX,-2,-3,81,52
B6,SFO,FLL,FLL,5,20,85,61
VX,SFO,LAX,LAX,-2,3,82,80
DL,SFO,DTW,DTW,1,11,55,35
DL,SFO,ATL,ATL,-2,-15,57,23
AA,SFO,PHX,PHX,4,-3,36,36
AA,SFO,MIA,MIA,10,-8,-1,-5
VX,SFO,LAX,LAX,-5,-9,0,-6
AA,SFO,LAX,LAX,-3,-11,55,36
AA,SFO,PHX,PHX,-1,-10,2,-7
AA,SFO,LAX,LAX,-5,-4,0,-14
AA,SFO,LAX,LAX,-5,-4,-3,-4
VX,SFO,LAX,LAX,1,-7,-6,-17
AA,SFO,LAX,LAX,-3,-4,-1,11
AA,SFO,LAX,LAX,-3,-4,0,-14
AA,SFO,MIA,MIA,2,-8,2,-17
DL,SFO,ATL,ATL,20,12,1,-29
AA,SFO,PHX,PHX,-3,-7,-2,-6
DL,SFO,ATL,ATL,-4,-16,-5,-31
AA,SFO,MIA,MIA,2,-6,54,31
VX,SFO,LAX,LAX,7,22,8,-10
DL,SFO,ATL,ATL,3,-4,47,31
AA,SFO,PHX,PHX,0,6,-1,-3
DL,SFO,DTW,DTW,-1,-24,66,55
DL,SFO,ATL,ATL,1,-24,3,-11
AA,SFO,PHX,PHX,4,6,19,35
AA,SFO,MIA,MIA,1,22,98,60
VX,SFO,LAX,LAX,146,143,111,102
AA,SFO,PHX,PHX,-3,-14,6,-15
VX,SFO,LAX,LAX,176,215,126,102
AA,SFO,LAX,LAX,12,5,-2,-20
AA,SFO,LAX,LAX,12,5,0,-11
VX,SFO,LAX,LAX,52,65,126,102
AA,SFO,MIA,MIA,89,82,-4,-24
B6,SFO,FLL,FLL,151,155,76,63
DL,SFO,ATL,ATL,167,157,1,-2
DL,SFO,ATL,ATL,176,142,5,-12
AA,SFO,MIA,MIA,113,95,-5,-13
AA,SFO,PHX,PHX,0,-7,33,1
DL,SFO,ATL,ATL,10,-10,35,26
VX,SFO,LAX,LAX,23,17,-1,-41
AA,SFO,LAX,LAX,-2,-13,22,-5
VX,SFO,LAX,LAX,9,16,-1,-41
AA,SFO,PHX,PHX,-2,-4,2,-14
B6,SFO,FLL,FLL,-3,19,-2,1
VX,SFO,LAX,LAX,11,9,4,-21
VX,SFO,LAX,LAX,11,9,36,26
DL,SFO,DTW,DTW,10,-31,29,30
AA,SFO,PHX,PHX,-4,0,-3,-26
VX,SFO,LAX,LAX,-3,-1,15,9
AA,SFO,PHX,PHX,-3,-9,0,-20
AA,SFO,LAX,LAX,-8,2,19,16
VX,SFO,LAX,LAX,10,20,23,36
AA,SFO,LAX,LAX,-5,9,34,14
AA,SFO,MIA,MIA,0,-2,23,9
B6,SFO,FLL,FLL,23,16,1,8
B6,SFO,FLL,FLL,23,16,4,11
DL,SFO,ATL,ATL,-2,-8,10,-6
DL,SFO,ATL,ATL,5,-16,1,-7
AA,SFO,PHX,PHX,-3,-13,6,-31
DL,SFO,ATL,ATL,14,-6,21,12
AA,SFO,LAX,LAX,-6,-9,1,-26
AA,SFO,MIA,MIA,2,-14,-2,10
DL,SFO,ATL,ATL,9,-2,18,8
VX,SFO,LAX,LAX,4,7,8,-13
AA,SFO,PHX,PHX,3,17,13,3
B6,SFO,FLL,FLL,159,164,102,105
VX,SFO,LAX,LAX,24,39,20,2
VX,SFO,LAX,LAX,42,40,20,2
VX,SFO,LAX,LAX,35,23,5,-2
VX,SFO,LAX,LAX,78,66,28,14
AA,SFO,LAX,LAX,28,18,-1,17
AA,SFO,LAX,LAX,28,18,5,5
VX,SFO,LAX,LAX,34,61,28,14
AA,SFO,MIA,MIA,4,-8,-7,-5
DL,SFO,ATL,ATL,68,57,0,-18
B6,SFO,FLL,FLL,178,187,6,22
DL,SFO,ATL,ATL,14,-2,0,-18
DL,SFO,ATL,ATL,6,-7,0,-28
AA,SFO,MIA,MIA,19,6,-3,3
VX,SFO,LAX,LAX,-3,-3,8,-3
DL,SFO,ATL,ATL,-2,-19,0,-14
VX,SFO,LAX,LAX,0,14,8,-3
DL,SFO,ATL,ATL,8,-12,0,-14
AA,SFO,PHX,PHX,26,25,-6,-24
AA,SFO,MIA,MIA,-2,-6,12,-11
VX,SFO,LAX,LAX,-1,4,-7,-5
AA,SFO,PHX,PHX,152,140,4,-17
AA,SFO,PHX,PHX,32,25,4,-17
VX,SFO,LAX,LAX,130,123,54,66
AA,SFO,LAX,LAX,100,97,-2,18
AA,SFO,LAX,LAX,100,97,157,185
VX,SFO,LAX,LAX,17,25,54,66
AA,SFO,MIA,MIA,39,54,-10,-5
DL,SFO,ATL,ATL,156,166,-1,-18
B6,SFO,FLL,FLL,306,300,48,55
DL,SFO,ATL,ATL,57,49,3,-9
AA,SFO,PHX,PHX,-1,-12,30,61
DL,SFO,ATL,ATL,6,12,23,24
AA,SFO,MIA,MIA,-5,-13,31,68
AA,SFO,LAX,LAX,2,17,2,-16
DL,SFO,ATL,ATL,3,0,22,6
AA,SFO,PHX,PHX,17,18,31,39
B6,SFO,FLL,FLL,87,116,33,27
VX,SFO,LAX,LAX,47,45,62,42
AA,SFO,PHX,PHX,30,17,-3,-7
DL,SFO,ATL,ATL,12,9,14,16
VX,SFO,LAX,LAX,0,1,76,58
AA,SFO,PHX,PHX,86,67,3,8
VX,SFO,LAX,LAX,73,59,71,105
VX,SFO,LAX,LAX,73,79,23,27
VX,SFO,LAX,LAX,73,79,71,105
AA,SFO,LAX,LAX,6,0,13,16
VX,SFO,LAX,LAX,2,-13,23,27
VX,SFO,LAX,LAX,2,-13,71,105
AA,SFO,LAX,LAX,61,52,-7,0
AA,SFO,LAX,LAX,61,52,67,75
AA,SFO,MIA,MIA,2,-14,2,-9
B6,SFO,FLL,FLL,193,185,33,24
DL,SFO,ATL,ATL,-5,0,-2,-13
DL,SFO,ATL,ATL,1,-15,-1,-16
AA,SFO,PHX,PHX,-2,-9,4,13
AA,SFO,MIA,MIA,7,19,57,73
DL,SFO,ATL,ATL,31,8,3,-15
VX,SFO,LAX,LAX,-4,1,85,91
VX,SFO,LAX,LAX,1,6,85,91
B6,SFO,FLL,FLL,169,148,75,105
VX,SFO,LAX,LAX,5,-5,2,1
DL,SFO,DTW,DTW,9,-2,128,176
DL,SFO,ATL,ATL,-2,-36,59,129
AA,SFO,PHX,PHX,-6,-18,8,19
AA,SFO,MIA,MIA,-4,-27,50,61
VX,SFO,LAX,LAX,-2,0,45,57
AA,SFO,LAX,LAX,-1,13,-6,-11
AA,SFO,PHX,PHX,2,-10,12,-14
VX,SFO,LAX,LAX,36,30,32,13
VX,SFO,LAX,LAX,2,7,32,13
AA,SFO,LAX,LAX,32,15,-5,-4
AA,SFO,LAX,LAX,32,15,11,-8
VX,SFO,LAX,LAX,-2,-12,18,8
VX,SFO,LAX,LAX,-2,-12,32,13
AA,SFO,LAX,LAX,6,12,-5,-4
AA,SFO,MIA,MIA,12,-14,-5,-1
B6,SFO,FLL,FLL,14,2,-1,3
B6,SFO,FLL,FLL,14,2,-5,-1
DL,SFO,ATL,ATL,-3,-14,26,95
AA,SFO,PHX,PHX,-2,-3,-5,-36
DL,SFO,ATL,ATL,3,-2,114,101
AA,SFO,LAX,LAX,-4,-16,-7,-39
AA,SFO,MIA,MIA,71,42,22,21
DL,SFO,DTW,DTW,10,-24,-4,-16
VX,SFO,LAX,LAX,18,27,-3,-45
DL,SFO,ATL,ATL,-2,-19,114,101
AA,SFO,PHX,PHX,0,-22,17,3
B6,SFO,FLL,FLL,50,50,-1,-6
B6,SFO,FLL,FLL,50,50,7,-5
B6,SFO,FLL,FLL,50,50,141,150
DL,SFO,ATL,ATL,66,45,78,60
AA,SFO,PHX,PHX,7,-10,10,-20
VX,SFO,LAX,LAX,11,11,10,-15
AA,SFO,LAX,LAX,-4,10,48,7
AA,SFO,PHX,PHX,10,-8,4,-27
VX,SFO,LAX,LAX,15,8,6,-8
VX,SFO,LAX,LAX,61,50,6,-8
AA,SFO,MIA,MIA,61,38,-4,-15
B6,SFO,FLL,FLL,-2,0,-2,-15
DL,SFO,ATL,ATL,82,77,0,-17
AA,SFO,PHX,PHX,-3,-18,8,-20
DL,SFO,ATL,ATL,9,-15,1,-14
DL,SFO,ATL,ATL,9,-15,429,425
AA,SFO,MIA,MIA,5,-15,-7,-14
DL,SFO,DTW,DTW,-5,-38,0,-4
VX,SFO,LAX,LAX,3,-2,0,-35
DL,SFO,ATL,ATL,10,5,3,-14
VX,SFO,LAX,LAX,-2,-15,0,-35
DL,SFO,ATL,ATL,15,-5,3,-14
AA,SFO,PHX,PHX,12,-1,19,-19
B6,SFO,FLL,FLL,-2,-4,-9,-17
AA,SFO,PHX,PHX,3,-10,-11,-45
AA,SFO,MIA,MIA,-2,-19,-4,-28
VX,SFO,LAX,LAX,-1,7,2,-20
AA,SFO,PHX,PHX,-3,-1,16,-21
VX,SFO,LAX,LAX,25,12,-3,-33
VX,SFO,LAX,LAX,-1,-14,-3,-33
VX,SFO,LAX,LAX,-5,5,0,-11
VX,SFO,LAX,LAX,6,-4,0,-11
AA,SFO,MIA,MIA,0,-10,-4,-17
B6,SFO,FLL,FLL,-3,1,-6,-15
B6,SFO,FLL,FLL,-3,1,0,-4
DL,SFO,ATL,ATL,-5,-10,14,9
AA,SFO,LAX,LAX,-6,-13,-5,2
VX,SFO,LAX,LAX,-1,8,4,3
DL,SFO,ATL,ATL,36,51,-1,-6
VX,SFO,LAX,LAX,0,15,4,3
AA,SFO,PHX,PHX,-7,-8,-5,16
B6,SFO,FLL,FLL,1,5,12,12
B6,SFO,FLL,FLL,1,5,22,21
VX,SFO,LAX,LAX,-4,-9,1,7
AA,SFO,PHX,PHX,-2,-14,12,14
DL,SFO,ATL,ATL,0,4,8,-9
VX,SFO,LAX,LAX,0,-8,1,20
VX,SFO,LAX,LAX,0,-8,39,29
AA,SFO,PHX,PHX,-3,-20,2,-8
VX,SFO,LAX,LAX,36,52,8,8
AA,SFO,MIA,MIA,-2,4,0,9
DL,SFO,ATL,ATL,5,38,4,10
AA,SFO,PHX,PHX,-13,-32,44,32
DL,SFO,ATL,ATL,-2,-17,7,-7
AA,SFO,MIA,MIA,-3,-14,0,13
VX,SFO,LAX,LAX,13,11,35,11
AA,SFO,LAX,LAX,-8,-6,8,-11
DL,SFO,ATL,ATL,0,-17,7,1
DL,SFO,ATL,ATL,8,-7,7,1
AA,SFO,PHX,PHX,-6,-14,80,61
AA,SFO,LAX,LAX,-5,-3,16,10
AA,SFO,LAX,LAX,-5,-3,18,2
B6,SFO,FLL,FLL,-2,10,14,-5
B6,SFO,FLL,FLL,-2,10,38,28
VX,SFO,LAX,LAX,-1,-3,18,-3
DL,SFO,ATL,ATL,0,-26,-1,-33
AA,SFO,PHX,PHX,-5,-6,-3,-25
VX,SFO,LAX,LAX,-4,-12,28,7
AA,SFO,PHX,PHX,-7,-7,0,-16
AA,SFO,LAX,LAX,-5,-6,-8,6
VX,SFO,LAX,LAX,-9,-17,-8,-5
AA,SFO,LAX,LAX,-6,-10,-5,29
AA,SFO,LAX,LAX,-6,-10,32,32
AA,SFO,LAX,LAX,-6,-24,-5,29
AA,SFO,LAX,LAX,-6,-24,32,32
B6,SFO,FLL,FLL,6,-8,2,-5
DL,SFO,ATL,ATL,-3,-3,-1,-20
AA,SFO,PHX,PHX,-6,-19,4,2
DL,SFO,ATL,ATL,-2,-12,-1,-22
AA,SFO,MIA,MIA,0,-21,36,27
VX,SFO,LAX,LAX,-8,-15,6,7
AA,SFO,LAX,LAX,-5,-13,-3,1
VX,SFO,LAX,LAX,-6,-12,6,7
DL,SFO,ATL,ATL,-1,-16,70,90
AA,SFO,PHX,PHX,-7,-1,14,40
AA,SFO,LAX,LAX,-6,-14,-7,20
B6,SFO,FLL,FLL,11,10,39,36
B6,SFO,FLL,FLL,11,10,132,138
DL,SFO,ATL,ATL,1,-16,32,20
AA,SFO,PHX,PHX,0,-12,0,4
VX,SFO,LAX,LAX,-4,-5,68,72
AA,SFO,LAX,LAX,0,2,256,235
AA,SFO,PHX,PHX,-9,-1,4,-9
AA,SFO,LAX,LAX,-6,-8,-5,4
AA,SFO,LAX,LAX,-6,-8,-10,4
VX,SFO,LAX,LAX,-8,3,1,2
AA,SFO,LAX,LAX,-6,-26,-5,4
VX,SFO,LAX,LAX,-3,-1,1,2
B6,SFO,FLL,FLL,1,-1,-7,-21
DL,SFO,ATL,ATL,-2,-11,-2,-25
AA,SFO,PHX,PHX,-10,-5,4,0
DL,SFO,ATL,ATL,0,-3,-5,-22
AA,SFO,MIA,MIA,6,8,50,54
VX,SFO,LAX,LAX,-5,-1,-1,-15
AA,SFO,LAX,LAX,-7,-20,-5,-18
AA,SFO,LAX,LAX,-7,-20,45,34
DL,SFO,ATL,ATL,-3,-19,-1,-23
AA,SFO,LAX,LAX,-4,-5,-4,-9
AA,SFO,LAX,LAX,-4,-5,-5,-10
AA,SFO,PHX,PHX,12,17,-1,-1
AA,SFO,PHX,PHX,4,2,9,14
AA,SFO,LAX,LAX,111,110,-1,-5
VX,SFO,LAX,LAX,27,21,-2,-7
AA,SFO,LAX,LAX,100,79,-1,-5
AA,SFO,LAX,LAX,26,21,-1,-5
DL,SFO,ATL,ATL,5,-1,-2,-30
AA,SFO,PHX,PHX,-8,-16,0,24
DL,SFO,ATL,ATL,-3,-13,26,2
AA,SFO,MIA,MIA,-1,-20,18,11
VX,SFO,LAX,LAX,0,2,4,-17
AA,SFO,LAX,LAX,-1,1,58,56
DL,SFO,ATL,ATL,0,-10,9,-20
VX,SFO,LAX,LAX,-2,8,4,-17
DL,SFO,ATL,ATL,-1,-22,9,-20
AA,SFO,PHX,PHX,17,11,-4,-11
AA,SFO,LAX,LAX,-4,-13,-6,-13
AA,SFO,LAX,LAX,-4,-13,28,10
DL,SFO,ATL,ATL,0,-19,-1,-25
AA,SFO,PHX,PHX,-7,-4,-7,4
VX,SFO,LAX,LAX,-4,0,-2,14
AA,SFO,PHX,PHX,-5,-5,-4,-5
AA,SFO,LAX,LAX,-2,-9,17,4
AA,SFO,LAX,LAX,-2,-9,-6,13
VX,SFO,LAX,LAX,-4,0,-2,1
AA,SFO,LAX,LAX,2,-5,-4,-9
AA,SFO,LAX,LAX,2,-5,17,4
AA,SFO,LAX,LAX,-5,-9,-4,-9
VX,SFO,LAX,LAX,-7,-4,-2,1
B6,SFO,FLL,FLL,18,16,-4,-18
DL,SFO,ATL,ATL,16,9,-3,-17
AA,SFO,MIA,MIA,43,39,113,97
AA,SFO,PHX,PHX,-6,-18,-8,-4
DL,SFO,ATL,ATL,-3,-12,-2,-28
AA,SFO,MIA,MIA,-7,-12,21,24
VX,SFO,LAX,LAX,-5,-9,-4,-7
AA,SFO,LAX,LAX,-6,-17,-6,-11
VX,SFO,LAX,LAX,-2,-11,-4,-7
DL,SFO,ATL,ATL,-5,-25,-1,-18
AA,SFO,PHX,PHX,-14,-21,-3,1
AA,SFO,LAX,LAX,-4,-15,4,14
AA,SFO,LAX,LAX,-4,-15,-5,-2
B6,SFO,FLL,FLL,0,-6,-1,-3
B6,SFO,FLL,FLL,0,-6,0,-7
VX,SFO,LAX,LAX,-3,-12,-1,2
DL,SFO,ATL,ATL,-5,-21,-1,-23
AA,SFO,PHX,PHX,-6,-13,-7,-7
AA,SFO,LAX,LAX,-9,-29,-5,-9
AA,SFO,LAX,LAX,-10,-16,-10,-13
AA,SFO,LAX,LAX,-10,-16,13,8
AA,SFO,LAX,LAX,-3,-19,-10,-13
AA,SFO,LAX,LAX,-3,-19,13,8
B6,SFO,FLL,FLL,27,19,-3,1
DL,SFO,ATL,ATL,-2,-8,-1,-17
AA,SFO,PHX,PHX,-4,-9,9,12
DL,SFO,ATL,ATL,2,-10,-1,-24
AA,SFO,MIA,MIA,3,-12,1,6
AA,SFO,LAX,LAX,77,63,-5,-7
DL,SFO,ATL,ATL,-1,-10,-1,-14
VX,SFO,LAX,LAX,-6,-5,0,5
DL,SFO,ATL,ATL,-5,-10,-1,-14
AA,SFO,PHX,PHX,18,8,-1,6
B6,SFO,FLL,FLL,72,71,0,-15
AA,SFO,PHX,PHX,-3,-5,2,-1
VX,SFO,LAX,LAX,52,46,10,21
DL,SFO,ATL,ATL,1,-7,-3,-29
VX,SFO,LAX,LAX,11,2,10,21
AA,SFO,PHX,PHX,8,2,-1,-8
AA,SFO,LAX,LAX,45,39,-6,5
AA,SFO,LAX,LAX,45,39,-7,10
VX,SFO,LAX,LAX,17,22,3,6
VX,SFO,LAX,LAX,17,53,3,6
AA,SFO,LAX,LAX,-2,18,-6,5
AA,SFO,LAX,LAX,-2,18,-7,10
AA,SFO,LAX,LAX,21,-1,-6,5
B6,SFO,FLL,FLL,91,85,5,-22
DL,SFO,ATL,ATL,31,35,-2,-13
DL,SFO,ATL,ATL,31,35,0,-17
AA,SFO,PHX,PHX,3,-4,-4,2
DL,SFO,ATL,ATL,-1,-3,2,-19
AA,SFO,MIA,MIA,-10,-4,5,2
VX,SFO,LAX,LAX,-3,-2,-3,7
AA,SFO,LAX,LAX,-4,-8,-3,9
DL,SFO,ATL,ATL,0,-10,0,-13
VX,SFO,LAX,LAX,10,10,-3,7
DL,SFO,ATL,ATL,-1,-13,0,-13
AA,SFO,PHX,PHX,-5,-3,1,13
AA,SFO,LAX,LAX,41,45,-8,-3
B6,SFO,FLL,FLL,67,82,5,-7
VX,SFO,LAX,LAX,68,57,-4,12
DL,SFO,ATL,ATL,-4,-14,-1,-22
AA,SFO,PHX,PHX,-7,-8,-1,3
VX,SFO,LAX,LAX,-3,-2,-4,12
B6,SFO,FLL,FLL,2,18,7,18
DL,SFO,ATL,ATL,8,22,4,10
DL,SFO,ATL,ATL,6,27,-3,-5
AA,SFO,PHX,PHX,-4,-18,1,0
VX,SFO,LAX,LAX,125,128,3,-9
AA,SFO,LAX,LAX,0,-16,-5,0
AA,SFO,LAX,LAX,0,-16,10,0
AA,SFO,MIA,MIA,45,19,30,37
DL,SFO,ATL,ATL,76,82,30,23
AA,SFO,PHX,PHX,4,8,-1,3
B6,SFO,FLL,FLL,2,27,32,37
DL,SFO,ATL,ATL,0,3,20,20
AA,SFO,PHX,PHX,3,0,9,11
AA,SFO,MIA,MIA,9,4,117,100
VX,SFO,LAX,LAX,2,7,12,-1
AA,SFO,PHX,PHX,-4,6,3,-12
VX,SFO,LAX,LAX,86,78,2,-1
AA,SFO,LAX,LAX,-4,-13,7,-4
AA,SFO,LAX,LAX,-4,-13,-3,-11
VX,SFO,LAX,LAX,57,63,127,140
AA,SFO,MIA,MIA,40,24,13,-5
AA,SFO,MIA,MIA,40,24,6,-12
DL,SFO,ATL,ATL,14,30,-2,-14
B6,SFO,FLL,FLL,14,7,-7,-19
B6,SFO,FLL,FLL,14,7,-7,-7
DL,SFO,ATL,ATL,1,21,-2,-14
AA,SFO,MIA,MIA,98,87,-1,-2
AA,SFO,PHX,PHX,-3,-15,-1,-16
DL,SFO,ATL,ATL,11,19,27,8
AA,SFO,MIA,MIA,-1,-16,-5,-18
VX,SFO,LAX,LAX,9,4,11,7
DL,SFO,ATL,ATL,1,-16,15,7
AA,SFO,PHX,PHX,-5,-16,10,-5
B6,SFO,FLL,FLL,20,25,-2,-7
B6,SFO,FLL,FLL,20,25,5,-7
VX,SFO,LAX,LAX,12,9,-3,19
VX,SFO,LAX,LAX,12,9,41,31
AA,SFO,MIA,MIA,-3,-5,9,9
VX,SFO,LAX,LAX,-6,5,-3,19
DL,SFO,DTW,DTW,-4,19,217,201
AA,SFO,LAX,LAX,74,57,-2,-15
AA,SFO,PHX,PHX,16,8,3,-15
VX,SFO,LAX,LAX,18,9,18,9
VX,SFO,LAX,LAX,-3,-14,18,9
AA,SFO,LAX,LAX,-3,-3,-2,-15
VX,SFO,LAX,LAX,-6,-9,12,7
VX,SFO,LAX,LAX,-6,-9,18,9
AA,SFO,LAX,LAX,10,8,-4,-7
VX,SFO,LAX,LAX,1,-5,12,7
AA,SFO,MIA,MIA,130,120,-1,-14
B6,SFO,FLL,FLL,4,5,-6,1
B6,SFO,FLL,FLL,4,5,-4,-4
DL,SFO,ATL,ATL,159,156,12,-5
DL,SFO,ATL,ATL,159,156,114,106
DL,SFO,ATL,ATL,7,-7,8,-13
AA,SFO,LAX,LAX,-3,-22,-3,-33
AA,SFO,MIA,MIA,-2,30,2,-8
DL,SFO,ATL,ATL,16,16,13,-5
VX,SFO,LAX,LAX,-3,-11,48,16
DL,SFO,ATL,ATL,6,-9,13,-5
B6,SFO,FLL,FLL,-7,29,11,-5
B6,SFO,FLL,FLL,-7,29,226,206
VX,SFO,LAX,LAX,2,-8,5,-11
DL,SFO,DTW,DTW,3,-11,104,91
DL,SFO,ATL,ATL,1,-16,11,-3
AA,SFO,PHX,PHX,1,-6,-3,-26
AA,SFO,MIA,MIA,-5,12,125,95
VX,SFO,LAX,LAX,3,-3,3,-22
AA,SFO,LAX,LAX,-4,-2,42,18
DL,SFO,ATL,ATL,-5,-10,351,324
VX,SFO,LAX,LAX,39,35,14,-9
VX,SFO,LAX,LAX,-1,-10,14,-9
AA,SFO,LAX,LAX,96,99,-5,2
VX,SFO,LAX,LAX,-3,4,31,7
AA,SFO,LAX,LAX,-1,34,-5,2
VX,SFO,LAX,LAX,11,22,31,7
AA,SFO,MIA,MIA,-2,-16,1,4
B6,SFO,FLL,FLL,25,30,-4,-14
B6,SFO,FLL,FLL,25,30,-5,-16
DL,SFO,ATL,ATL,0,-9,14,-3
AA,SFO,PHX,PHX,-3,-27,2,-27
DL,SFO,ATL,ATL,14,5,58,41
AA,SFO,LAX,LAX,-2,-12,3,-36
AA,SFO,LAX,LAX,-2,-12,-4,-19
AA,SFO,MIA,MIA,-3,-26,3,10
VX,SFO,LAX,LAX,-3,-14,4,-23
VX,SFO,LAX,LAX,0,-7,4,-23
AA,SFO,PHX,PHX,-7,-25,31,15
B6,SFO,FLL,FLL,27,22,10,-5
B6,SFO,FLL,FLL,27,22,37,30
VX,SFO,LAX,LAX,0,-6,3,1
DL,SFO,ATL,ATL,3,-32,27,8
DL,SFO,ATL,ATL,3,-32,172,148
AA,SFO,PHX,PHX,-7,-19,41,4
AA,SFO,MIA,MIA,-8,-24,12,-17
VX,SFO,LAX,LAX,-3,3,-1,-14
AA,SFO,PHX,PHX,48,42,28,-4
VX,SFO,LAX,LAX,38,34,16,6
VX,SFO,LAX,LAX,26,29,16,6
AA,SFO,LAX,LAX,-5,-19,25,-27
AA,SFO,LAX,LAX,-5,-19,21,4
VX,SFO,LAX,LAX,2,9,26,-10
AA,SFO,MIA,MIA,3,-23,-7,-20
B6,SFO,FLL,FLL,475,464,17,2
B6,SFO,FLL,FLL,475,464,8,-6
DL,SFO,ATL,ATL,5,-11,9,-7
AA,SFO,PHX,PHX,-6,-17,58,3
DL,SFO,ATL,ATL,-2,-26,0,-20
AA,SFO,MIA,MIA,-2,-12,-2,-5
VX,SFO,LAX,LAX,6,3,-1,-38
DL,SFO,ATL,ATL,7,-16,-3,-16
DL,SFO,ATL,ATL,-6,-32,-3,-16
AA,SFO,PHX,PHX,-4,-2,38,-5
B6,SFO,FLL,FLL,-4,-17,6,0
B6,SFO,FLL,FLL,-4,-17,57,49
VX,SFO,LAX,LAX,-4,-10,-2,-31
DL,SFO,ATL,ATL,-4,-30,3,-16
AA,SFO,PHX,PHX,-3,-5,1,-41
VX,SFO,LAX,LAX,29,22,145,122
AA,SFO,LAX,LAX,-7,-23,-5,-15
AA,SFO,LAX,LAX,-7,-23,-6,4
VX,SFO,LAX,LAX,-5,-1,-5,1
AA,SFO,LAX,LAX,-5,-7,3,6
AA,SFO,LAX,LAX,-5,-7,-5,-15
VX,SFO,LAX,LAX,-1,-6,-5,1
B6,SFO,FLL,FLL,13,25,-5,-19
DL,SFO,ATL,ATL,12,16,1,-10
AA,SFO,PHX,PHX,-7,-18,-3,9
DL,SFO,ATL,ATL,0,3,9,-19
AA,SFO,MIA,MIA,-1,0,2,-10
VX,SFO,LAX,LAX,3,-4,14,15
AA,SFO,LAX,LAX,-7,-28,-4,-13
DL,SFO,ATL,ATL,-3,1,1,11
VX,SFO,LAX,LAX,-4,-10,14,15
DL,SFO,ATL,ATL,-2,-6,1,11
AA,SFO,PHX,PHX,-6,-6,10,27
AA,SFO,LAX,LAX,14,2,-3,-10
AA,SFO,LAX,LAX,14,2,22,23
VX,SFO,LAX,LAX,-7,-10,-4,5
DL,SFO,ATL,ATL,-1,-6,19,1
AA,SFO,PHX,PHX,-1,-7,-6,-6
VX,SFO,LAX,LAX,-8,-20,-3,20
AA,SFO,LAX,LAX,34,36,73,60
AA,SFO,LAX,LAX,-3,-5,-9,-20
AA,SFO,LAX,LAX,-3,-5,-2,9
VX,SFO,LAX,LAX,0,13,-1,0
VX,SFO,LAX,LAX,-5,-9,-1,0
AA,SFO,LAX,LAX,-5,-13,-6,-2
AA,SFO,LAX,LAX,-5,-13,-9,-20
AA,SFO,LAX,LAX,-8,-16,-6,-2
B6,SFO,FLL,FLL,16,21,-1,-2
DL,SFO,ATL,ATL,-3,15,-1,-22
AA,SFO,PHX,PHX,-4,-9,-4,-3
DL,SFO,ATL,ATL,-3,-13,0,-16
AA,SFO,MIA,MIA,-6,-12,14,-12
VX,SFO,LAX,LAX,6,-1,-1,-20
AA,SFO,LAX,LAX,44,59,-7,-25
AA,SFO,LAX,LAX,44,59,34,23
DL,SFO,ATL,ATL,0,-13,1,-18
VX,SFO,LAX,LAX,-5,0,-1,-20
DL,SFO,ATL,ATL,-3,-14,1,-18
AA,SFO,PHX,PHX,-12,-19,-1,6
AA,SFO,LAX,LAX,-1,10,-8,-18
AA,SFO,LAX,LAX,-1,10,-2,-10
B6,SFO,FLL,FLL,-3,-12,-3,-20
DL,SFO,ATL,ATL,9,-12,0,-12
AA,SFO,PHX,PHX,-7,-14,10,13
VX,SFO,LAX,LAX,-7,-10,-8,-6
AA,SFO,PHX,PHX,-7,-13,2,-1
AA,SFO,LAX,LAX,30,24,-3,-22
AA,SFO,LAX,LAX,30,24,-5,4
VX,SFO,LAX,LAX,6,7,1,-8
VX,SFO,LAX,LAX,-7,-12,1,-8
AA,SFO,LAX,LAX,14,17,18,29
DL,SFO,ATL,ATL,20,9,-1,-12
AA,SFO,MIA,MIA,539,534,0,-7
AA,SFO,PHX,PHX,-5,-23,-3,-17
DL,SFO,ATL,ATL,-2,-14,12,-6
AA,SFO,MIA,MIA,0,6,-5,1
VX,SFO,LAX,LAX,-5,-8,1,-7
DL,SFO,ATL,ATL,-1,-17,17,20
VX,SFO,LAX,LAX,-7,16,1,-7
DL,SFO,ATL,ATL,5,-13,17,20
AA,SFO,PHX,PHX,-7,-2,-2,8
AA,SFO,LAX,LAX,-4,13,-7,-22
AA,SFO,LAX,LAX,-4,13,3,-7
B6,SFO,FLL,FLL,55,67,5,-5
VX,SFO,LAX,LAX,3,5,-1,-15
DL,SFO,ATL,ATL,19,-8,-4,-19
AA,SFO,PHX,PHX,-4,12,-5,-29
VX,SFO,LAX,LAX,-3,-4,-1,-15
AA,SFO,LAX,LAX,25,22,40,35
AA,SFO,LAX,LAX,25,22,4,-15
VX,SFO,LAX,LAX,-5,0,1,-30
AA,SFO,LAX,LAX,2,-1,-7,22
AA,SFO,LAX,LAX,2,-1,40,35
AA,SFO,LAX,LAX,-3,8,-7,22
AA,SFO,LAX,LAX,-3,8,40,35
DL,SFO,ATL,ATL,74,56,3,7
DL,SFO,ATL,ATL,-1,-20,2,-1
AA,SFO,PHX,PHX,-3,-8,1,15
AA,SFO,MIA,MIA,0,-16,-6,15
VX,SFO,LAX,LAX,0,-6,-4,-53
DL,SFO,ATL,ATL,5,-12,0,-2
VX,SFO,LAX,LAX,-5,-12,-4,-53
DL,SFO,ATL,ATL,2,-27,0,-2
AA,SFO,PHX,PHX,99,95,-2,-19
AA,SFO,LAX,LAX,62,71,22,7
B6,SFO,FLL,FLL,-1,-7,-13,-4
B6,SFO,FLL,FLL,-1,-7,-5,2
VX,SFO,LAX,LAX,-4,7,-3,-20
VX,SFO,LAX,LAX,-4,7,49,12
DL,SFO,DTW,DTW,2,-23,1,-15
DL,SFO,ATL,ATL,1,-19,-2,7
AA,SFO,PHX,PHX,2,7,-2,-19
VX,SFO,LAX,LAX,-1,10,-3,-20
AA,SFO,PHX,PHX,-6,-14,-1,-30
AA,SFO,LAX,LAX,3,-2,-2,-15
AA,SFO,LAX,LAX,3,-2,-1,-17
VX,SFO,LAX,LAX,30,20,0,-16
VX,SFO,LAX,LAX,-4,-15,0,-16
AA,SFO,LAX,LAX,6,-1,-1,-15
VX,SFO,LAX,LAX,-1,-6,0,-16
B6,SFO,FLL,FLL,-5,15,-3,7
DL,SFO,ATL,ATL,6,11,-3,5
AA,SFO,PHX,PHX,2,-8,10,-22
DL,SFO,ATL,ATL,-2,-10,3,2
AA,SFO,MIA,MIA,-2,-9,-8,-16
VX,SFO,LAX,LAX,-3,-3,1,-30
AA,SFO,LAX,LAX,-5,-19,-3,-20
VX,SFO,LAX,LAX,-4,-20,1,-30
DL,SFO,ATL,ATL,0,-11,-3,-25
AA,SFO,PHX,PHX,-8,-15,-3,-43
AA,SFO,LAX,LAX,5,-8,-4,-7
AA,SFO,LAX,LAX,5,-8,-2,-12
B6,SFO,FLL,FLL,-3,-3,15,15
B6,SFO,FLL,FLL,-3,-3,-1,-3
DL,SFO,DTW,DTW,-6,-15,0,-17
VX,SFO,LAX,LAX,-6,-16,12,-11
DL,SFO,ATL,ATL,-3,-13,0,-19
AA,SFO,PHX,PHX,-5,-8,-6,-22
AA,SFO,LAX,LAX,-1,-16,-6,-21
AA,SFO,LAX,LAX,-1,-16,-5,4
AA,SFO,LAX,LAX,-6,-28,-8,-15
AA,SFO,LAX,LAX,-6,-28,-6,-21
AA,SFO,LAX,LAX,17,0,-8,-15
DL,SFO,ATL,ATL,-8,19,35,15
AA,SFO,PHX,PHX,118,115,-5,-14
DL,SFO,ATL,ATL,5,4,-5,-33
AA,SFO,MIA,MIA,-2,-12,-4,-3
DL,SFO,ATL,ATL,2,-2,-4,-26
VX,SFO,LAX,LAX,-3,1,89,62
HA,SFO,HNL,HNL,3,83,-5,-13
AA,SFO,PHX,PHX,-3,-12,-5,-16
VX,SFO,LAX,LAX,54,50,7,11
VX,SFO,LAX,LAX,54,50,64,42
DL,SFO,DTW,DTW,7,-12,28,17
AA,SFO,PHX,PHX,70,53,-1,-15
AA,SFO,PHX,PHX,22,2,-1,-15
VX,SFO,LAX,LAX,109,138,21,15
AA,SFO,LAX,LAX,3,8,0,-26
AA,SFO,LAX,LAX,3,8,-5,-25
VX,SFO,LAX,LAX,13,47,21,15
VX,SFO,LAX,LAX,29,49,21,15
AA,SFO,LAX,LAX,68,63,-5,-7
AA,SFO,LAX,LAX,4,21,-5,-7
B6,SFO,FLL,FLL,206,208,1,2
B6,SFO,FLL,FLL,206,208,35,43
DL,SFO,ATL,ATL,-1,-12,5,0
AA,SFO,PHX,PHX,0,1,4,-20
DL,SFO,ATL,ATL,0,-13,62,73
DL,SFO,MSP,MSP,-1,-4,0,-18
AA,SFO,CLT,CLT,-2,5,-1,-7
AA,SFO,ORD,ORD,7,1,90,88
AA,SFO,DFW,DFW,-7,-26,46,63
DL,SFO,SLC,SLC,-6,-18,-2,0
B6,SFO,BOS,BOS,-7,-12,0,13
DL,SFO,LAX,LAX,-3,6,9,-15
AA,SFO,ORD,ORD,17,8,11,24
AA,SFO,DFW,DFW,15,-1,21,21
DL,SFO,LAX,LAX,13,1,7,-23
AA,SFO,ORD,ORD,1,-8,11,24
AA,SFO,CLT,CLT,-8,0,5,32
B6,SFO,BOS,BOS,-3,-22,20,18
DL,SFO,LAX,LAX,-3,-11,-3,-6
DL,SFO,LAX,LAX,-3,-11,7,-23
AS,SFO,SEA,SEA,-11,-15,-3,-2
DL,SFO,LAX,LAX,-4,-19,-2,-15
DL,SFO,LAX,LAX,-4,-19,1,-26
DL,SFO,LAX,LAX,-1,1,-2,-15
B6,SFO,BOS,BOS,-3,-8,7,15
AA,SFO,CLT,CLT,-2,-10,-3,-20
AA,SFO,CLT,CLT,-7,-21,-2,-14
AA,SFO,ORD,ORD,-3,-6,16,
AA,SFO,DFW,DFW,-8,-21,3,
B6,SFO,LAS,LAS,-4,-20,5,9
B6,SFO,BOS,BOS,-7,-15,50,65
B6,SFO,BOS,BOS,-7,-15,242,252
DL,SFO,LAX,LAX,-5,24,15,7
DL,SFO,LAX,LAX,-2,-6,15,7
AA,SFO,ORD,ORD,13,24,31,57
AA,SFO,DFW,DFW,-6,-3,-1,17
DL,SFO,LAX,LAX,26,33,-2,7
AA,SFO,ORD,ORD,-4,-24,31,57
AA,SFO,CLT,CLT,-5,-15,8,17
DL,SFO,LAX,LAX,-3,-3,-1,-4
AA,SFO,CLT,CLT,12,4,13,2
DL,SFO,LAX,LAX,133,136,4,-1
AS,SFO,SEA,SEA,-8,-11,8,-11
DL,SFO,LAX,LAX,28,7,-2,-6
B6,SFO,BOS,BOS,28,35,0,4
AA,SFO,CLT,CLT,-3,-13,-1,-27
DL,SFO,MSP,MSP,-5,-7,-5,-7
AA,SFO,CLT,CLT,6,13,8,-10
AA,SFO,ORD,ORD,-2,-7,-1,28
AA,SFO,DFW,DFW,8,7,53,50
DL,SFO,LAX,LAX,-4,25,4,1
B6,SFO,LAS,LAS,-5,-12,-2,3
DL,SFO,LAX,LAX,-6,-2,4,1
B6,SFO,BOS,BOS,-2,8,-2,-13
AA,SFO,ORD,ORD,4,9,25,14
AA,SFO,CLT,CLT,80,91,2,-9
B6,SFO,LGB,LGB,202,194,6,10
DL,SFO,LAX,LAX,147,164,14,4
DL,SFO,LAX,LAX,147,164,-2,-13
AS,SFO,SEA,SEA,35,26,-3,-8
DL,SFO,LAX,LAX,90,97,-2,-13
B6,SFO,LAS,LAS,98,87,17,25
VX,SFO,LAS,LAS,88,90,102,100
DL,SFO,LAX,LAX,89,80,0,-15
DL,SFO,LAX,LAX,89,80,14,4
AA,SFO,CLT,CLT,0,-1,-4,-14
AA,SFO,CLT,CLT,0,-1,0,-2
AA,SFO,CLT,CLT,0,3,-4,-14
AA,SFO,ORD,ORD,3,-14,-2,2
AA,SFO,DFW,DFW,-4,-20,0,-20
B6,SFO,LAS,LAS,-1,-12,0,-3
B6,SFO,BOS,BOS,1,21,-2,-5
B6,SFO,BOS,BOS,1,21,-6,-7
DL,SFO,LAX,LAX,47,40,-2,-9
DL,SFO,LAX,LAX,-5,-9,-2,-9
AA,SFO,ORD,ORD,-7,-28,-7,-1
AA,SFO,DFW,DFW,-4,-20,-1,-2
DL,SFO,LAX,LAX,-2,-9,33,1
AA,SFO,ORD,ORD,-5,-26,-7,-1
AA,SFO,CLT,CLT,-4,-11,-2,29
DL,SFO,LAX,LAX,-1,-8,-7,-22
DL,SFO,LAX,LAX,-1,-8,33,1
AS,SFO,SEA,SEA,-5,4,-9,-16
DL,SFO,LAX,LAX,19,12,-5,16
B6,SFO,LAS,LAS,15,8,-6,-5
AS,SFO,SEA,SEA,-15,-10,-9,-16
VX,SFO,LAS,LAS,12,11,-8,3
DL,SFO,LAX,LAX,10,3,-7,-8
DL,SFO,LAX,LAX,2,-13,-9,-9
DL,SFO,LAX,LAX,2,-13,-7,-8
DL,SFO,LAX,LAX,16,9,-9,-9
B6,SFO,BOS,BOS,-5,3,-7,-17
B6,SFO,BOS,BOS,-5,3,-10,-14
DL,SFO,MSP,MSP,-4,-20,2,-11
AA,SFO,CLT,CLT,-5,-19,2,-11
AA,SFO,DFW,DFW,-7,-2,19,9
B6,SFO,LAS,LAS,1,-15,-2,0
DL,SFO,LAX,LAX,-4,-11,-3,16
AA,SFO,ORD,ORD,5,-11,-7,-11
AA,SFO,DFW,DFW,-7,-27,-3,6
AA,SFO,ORD,ORD,-2,-22,-7,-11
DL,SFO,LAX,LAX,2,10,64,47
AA,SFO,CLT,CLT,11,-5,3,7
AS,SFO,SEA,SEA,-4,-3,0,-23
B6,SFO,LAS,LAS,7,-11,-7,-12
AS,SFO,SEA,SEA,-16,-26,0,-23
VX,SFO,LAS,LAS,-5,-15,-1,-6
B6,SFO,BOS,BOS,-5,-6,-3,-9
B6,SFO,BOS,BOS,-5,-6,-10,-26
AA,SFO,DFW,DFW,-7,-21,-4,-20
B6,SFO,LAS,LAS,24,13,2,-5
B6,SFO,BOS,BOS,4,1,10,-2
DL,SFO,LAX,LAX,-1,-3,9,-4
DL,SFO,LAX,LAX,-3,5,9,-4
AA,SFO,ORD,ORD,1,-1,-2,-11
AA,SFO,DFW,DFW,-3,-11,-4,-8
DL,SFO,LAX,LAX,88,77,-1,-2
AA,SFO,CLT,CLT,16,5,-5,-4
DL,SFO,LAX,LAX,58,60,-1,-2
AS,SFO,SEA,SEA,58,60,6,-15
DL,SFO,LAX,LAX,3,18,-6,7
B6,SFO,LAS,LAS,62,46,-2,-11
AS,SFO,SEA,SEA,18,21,6,-15
VX,SFO,LAS,LAS,25,32,56,50
DL,SFO,LAX,LAX,43,28,-6,3
DL,SFO,LAX,LAX,43,28,-3,-5
DL,SFO,LAX,LAX,12,13,-6,3
DL,SFO,LAX,LAX,12,13,-3,-5
B6,SFO,BOS,BOS,7,3,-1,-5
AA,SFO,CLT,CLT,-5,-14,30,41
DL,SFO,MSP,MSP,-3,-15,-2,-6
AA,SFO,CLT,CLT,-10,-14,3,-7
AA,SFO,ORD,ORD,1,4,19,19
AA,SFO,DFW,DFW,-6,-11,2,-1
B6,SFO,BOS,BOS,5,18,-6,-13
B6,SFO,BOS,BOS,5,18,2,1
DL,SFO,LAX,LAX,39,27,4,18
AA,SFO,ORD,ORD,0,0,-9,-18
AA,SFO,DFW,DFW,0,-4,-4,3
DL,SFO,LAX,LAX,-2,-6,-11,-9
AA,SFO,ORD,ORD,-6,-18,-9,-18
DL,SFO,LAX,LAX,18,16,-11,-4
AA,SFO,ORD,ORD,-5,-29,0,-16
AA,SFO,CLT,CLT,0,-6,0,13
DL,SFO,LAX,LAX,66,81,26,-2
AA,SFO,CLT,CLT,20,24,95,79
DL,SFO,LAX,LAX,128,127,12,7
B6,SFO,LAS,LAS,88,88,15,16
DL,SFO,LAX,LAX,166,161,-3,-9
DL,SFO,LAX,LAX,166,161,29,8
B6,SFO,BOS,BOS,76,58,0,-7
AA,SFO,CLT,CLT,26,24,-1,6
AA,SFO,ORD,ORD,0,-9,2,-9
AA,SFO,DFW,DFW,14,-2,9,1
DL,SFO,LAX,LAX,-2,-17,0,-34
DL,SFO,LAX,LAX,241,224,75,54
B6,SFO,BOS,BOS,-3,-18,1,-8
B6,SFO,LAS,LAS,-1,5,-1,-9
DL,SFO,LAX,LAX,-3,-2,41,19
AA,SFO,ORD,ORD,18,2,23,21
AA,SFO,CLT,CLT,18,23,0,3
DL,SFO,LAX,LAX,103,120,28,3
DL,SFO,LAX,LAX,183,196,17,16
DL,SFO,LAX,LAX,183,196,6,9
DL,SFO,LAX,LAX,113,139,17,16
VX,SFO,LAS,LAS,5,0,79,97
B6,SFO,BOS,BOS,177,184,-7,-13
AA,SFO,CLT,CLT,209,190,33,44
DL,SFO,LAX,LAX,16,34,40,33
DL,SFO,LAX,LAX,11,24,55,35
B6,SFO,BOS,BOS,-3,-9,31,20
AA,SFO,CLT,CLT,169,181,6,-4
AA,SFO,ORD,ORD,25,-2,-2,38
DL,SFO,LAX,LAX,0,17,68,40
AA,SFO,DFW,DFW,-5,-16,24,14
AA,SFO,ORD,ORD,1,-31,-2,38
AA,SFO,CLT,CLT,32,33,6,-4
DL,SFO,LAX,LAX,55,55,15,4
B6,SFO,LAS,LAS,185,176,1,
DL,SFO,LAX,LAX,75,52,-1,4
DL,SFO,LAX,LAX,75,52,33,30
DL,SFO,LAX,LAX,9,1,-1,4
B6,SFO,BOS,BOS,28,13,-5,-8
AA,SFO,CLT,CLT,19,42,28,27
AA,SFO,CLT,CLT,-1,-6,28,27
AA,SFO,ORD,ORD,-1,-3,18,28
AA,SFO,DFW,DFW,-2,-33,33,70
DL,SFO,LAX,LAX,32,18,12,9
AA,SFO,DFW,DFW,56,62,58,162
AA,SFO,ORD,ORD,9,-4,8,108
DL,SFO,LAX,LAX,-4,9,2,26
DL,SFO,LAX,LAX,-4,9,17,10
AA,SFO,DFW,DFW,-2,-28,58,162
AA,SFO,DFW,DFW,22,14,58,162
AA,SFO,CLT,CLT,-3,-9,74,86
B6,SFO,BOS,BOS,101,107,195,204
B6,SFO,BOS,BOS,101,107,265,260
DL,SFO,LAX,LAX,69,78,16,20
AS,SFO,SEA,SEA,1,-4,32,2
VX,SFO,LAS,LAS,8,9,4,14
DL,SFO,LAX,LAX,23,28,16,20
B6,SFO,BOS,BOS,37,11,-4,-4
AA,SFO,CLT,CLT,-3,-34,20,31
AA,SFO,DFW,DFW,1,-16,-3,-10
AA,SFO,ORD,ORD,6,-28,177,153
DL,SFO,LAX,LAX,-3,-2,44,4
AA,SFO,ORD,ORD,5,-27,0,-17
AA,SFO,DFW,DFW,18,6,19,8
AA,SFO,ORD,ORD,9,-31,0,-17
DL,SFO,LAX,LAX,3,-3,42,15
DL,SFO,SLC,SLC,9,0,-4,-7
AS,SFO,SEA,SEA,-6,-21,7,-7
B6,SFO,BOS,BOS,26,-21,-1,-5
AA,SFO,CLT,CLT,-1,-22,27,12
AA,SFO,CLT,CLT,-1,-34,3,-4
AA,SFO,ORD,ORD,5,-18,0,-20
AA,SFO,DFW,DFW,-4,-23,0,-23
AA,SFO,DFW,DFW,5,-20,0,-23
DL,SFO,LAX,LAX,-1,-2,78,81
AA,SFO,CLT,CLT,-1,-9,95,87
B6,SFO,BOS,BOS,-3,-37,6,-7
DL,SFO,MSP,MSP,11,-4,8,3
AA,SFO,ORD,ORD,-3,-29,-2,-15
AA,SFO,DFW,DFW,-5,-17,7,-13
AA,SFO,ORD,ORD,-3,-43,-2,-15
AA,SFO,CLT,CLT,-2,-22,-1,-5
DL,SFO,LAX,LAX,-2,-8,121,90
AA,SFO,CLT,CLT,10,2,37,27
VX,SFO,LAS,LAS,-3,13,-8,-36
DL,SFO,LAX,LAX,68,56,1,-14
B6,SFO,BOS,BOS,4,-15,9,6
AA,SFO,CLT,CLT,-2,13,-1,15
AA,SFO,CLT,CLT,-2,13,2,9
AA,SFO,DFW,DFW,-2,25,35,31
DL,SFO,LAX,LAX,5,-11,7,12
B6,SFO,LAS,LAS,-1,-1,11,10
AA,SFO,DFW,DFW,-2,38,-3,93
DL,SFO,LAX,LAX,-5,-12,29,34
AA,SFO,CLT,CLT,-8,10,56,53
DL,SFO,LAX,LAX,16,15,0,-8
AS,SFO,SEA,SEA,-9,-10,-1,-26
B6,SFO,LAS,LAS,2,9,-2,0
AS,SFO,SEA,SEA,-5,-20,-1,-26
VX,SFO,LAS,LAS,10,13,-5,-10
B6,SFO,LGB,LGB,-6,-14,11,19
B6,SFO,BOS,BOS,20,23,1,8
DL,SFO,LAX,LAX,108,102,13,-10
B6,SFO,LAS,LAS,-6,1,4,-21
B6,SFO,BOS,BOS,-8,-26,195,194
DL,SFO,LAX,LAX,39,16,13,-10
DL,SFO,LAX,LAX,0,11,13,-10
AA,SFO,ORD,ORD,26,3,8,21
AA,SFO,DFW,DFW,-1,-24,9,16
DL,SFO,LAX,LAX,2,0,10,-4
AA,SFO,ORD,ORD,-2,-21,8,21
AA,SFO,CLT,CLT,0,-13,9,27
B6,SFO,BOS,BOS,13,13,62,67
B6,SFO,BOS,BOS,13,13,68,69
B6,SFO,BOS,BOS,13,13,124,133
DL,SFO,LAX,LAX,0,-2,0,-30
AS,SFO,SEA,SEA,-16,-4,-2,-21
DL,SFO,LAX,LAX,60,49,0,-31
AS,SFO,SEA,SEA,-17,-2,-2,-21
DL,SFO,LAX,LAX,-3,9,-1,-35
DL,SFO,LAX,LAX,4,7,1,-39
DL,SFO,LAX,LAX,4,7,-1,-35
B6,SFO,BOS,BOS,-1,-7,39,49
AA,SFO,CLT,CLT,-5,-15,-4,-23
DL,SFO,MSP,MSP,0,-3,-4,-27
AA,SFO,CLT,CLT,-3,-2,-2,7
AA,SFO,ORD,ORD,-6,-17,-4,-31
B6,SFO,LAS,LAS,-7,-4,7,-14
B6,SFO,BOS,BOS,-2,-4,-2,-8
DL,SFO,LAX,LAX,5,-14,5,-19
DL,SFO,LAX,LAX,-2,-7,5,-19
AA,SFO,ORD,ORD,-3,-14,-5,-23
AA,SFO,DFW,DFW,-2,-17,-1,-10
AA,SFO,DFW,DFW,-2,-17,387,363
DL,SFO,LAX,LAX,-3,11,-5,-34
AA,SFO,ORD,ORD,-6,-12,-5,-23
AA,SFO,CLT,CLT,-4,-14,7,-1
AA,SFO,DFW,DFW,-2,-15,387,363
DL,SFO,LAX,LAX,-2,-5,-6,-23
AS,SFO,SEA,SEA,-11,3,-5,-38
AS,SFO,SEA,SEA,-10,-7,-5,-38
DL,SFO,LAX,LAX,-5,-21,0,-28
DL,SFO,LAX,LAX,-5,-21,-1,-9
DL,SFO,LAX,LAX,-2,-10,0,-28
AA,SFO,CLT,CLT,-3,-13,-1,-15
AA,SFO,ORD,ORD,2,-13,-4,-21
AA,SFO,DFW,DFW,-3,-17,0,-25
B6,SFO,LAS,LAS,4,5,-6,-30
B6,SFO,BOS,BOS,-1,-16,-4,-3
DL,SFO,LAX,LAX,0,5,20,11
DL,SFO,LAX,LAX,9,37,0,-18
AA,SFO,ORD,ORD,-2,-20,-8,-23
AA,SFO,DFW,DFW,-1,-10,3,-17
DL,SFO,LAX,LAX,-2,15,0,-18
AA,SFO,ORD,ORD,-2,-33,-8,-23
AA,SFO,CLT,CLT,23,15,-1,-8
DL,SFO,LAX,LAX,39,29,-5,-36
AA,SFO,CLT,CLT,10,-2,-1,-8
AS,SFO,SEA,SEA,-4,-14,14,4
DL,SFO,LAX,LAX,5,-7,-1,-28
DL,SFO,LAX,LAX,5,-7,-1,-26
B6,SFO,LGB,LGB,1,-1,8,15
B6,SFO,BOS,BOS,21,4,-5,-8
AA,SFO,CLT,CLT,-4,-27,-3,-18
DL,SFO,MSP,MSP,25,16,24,26
AA,SFO,CLT,CLT,-4,-12,0,0
AA,SFO,DFW,DFW,-1,2,-2,-27
DL,SFO,LAX,LAX,-3,17,16,4
DL,SFO,LAX,LAX,-3,16,16,4
DL,SFO,LAX,LAX,5,14,16,4
AA,SFO,ORD,ORD,1,-7,300,290
AA,SFO,DFW,DFW,-2,-17,17,-3
DL,SFO,LAX,LAX,-1,-10,-7,-17
AA,SFO,ORD,ORD,0,5,85,69
AA,SFO,CLT,CLT,-2,-12,25,13
DL,SFO,LAX,LAX,-1,5,-3,-11
AA,SFO,CLT,CLT,-1,-2,-1,0
AS,SFO,SEA,SEA,9,8,0,-27
AS,SFO,SEA,SEA,-8,-12,0,-27
VX,SFO,LAS,LAS,-4,-4,21,6
DL,SFO,LAX,LAX,-5,-13,0,-7
DL,SFO,LAX,LAX,20,43,1,20
DL,SFO,LAX,LAX,20,43,25,40
B6,SFO,BOS,BOS,16,1,-1,-10
AA,SFO,CLT,CLT,20,11,10,-5
DL,SFO,MSP,MSP,-7,-17,-2,-27
AA,SFO,CLT,CLT,-3,-2,9,-3
AA,SFO,ORD,ORD,0,-4,-4,-7
AA,SFO,DFW,DFW,-4,-7,26,-1
DL,SFO,MSP,MSP,2,-10,-2,-19
DL,SFO,LAX,LAX,-1,0,40,15
B6,SFO,LAS,LAS,-6,3,6,-5
DL,SFO,MSP,MSP,-2,-10,-2,-19
DL,SFO,LAX,LAX,5,55,9,-13
AA,SFO,ORD,ORD,16,3,-6,49
DL,SFO,LAX,LAX,74,77,34,8
AA,SFO,CLT,CLT,9,-13,35,31
DL,SFO,LAX,LAX,91,104,34,8
AA,SFO,CLT,CLT,16,12,23,15
DL,SFO,LAX,LAX,127,128,16,-7
DL,SFO,SLC,SLC,143,134,19,-12
AS,SFO,SEA,SEA,9,-3,3,-45
DL,SFO,LAX,LAX,81,93,16,-7
B6,SFO,LAS,LAS,61,53,1,-11
AA,SFO,CLT,CLT,8,-15,75,89
AA,SFO,CLT,CLT,-1,-7,35,28
AA,SFO,DFW,DFW,2,-7,29,6
DL,SFO,LAX,LAX,21,23,16,-17
AA,SFO,ORD,ORD,21,-15,2,3
DL,SFO,LAX,LAX,-6,1,29,-1
AA,SFO,DFW,DFW,-3,-14,-4,32
AA,SFO,ORD,ORD,3,-31,2,3
DL,SFO,SLC,SLC,13,1,7,-14
AA,SFO,CLT,CLT,123,119,132,120
DL,SFO,LAX,LAX,25,36,36,16
AS,SFO,SEA,SEA,-3,-1,6,-31
B6,SFO,LAS,LAS,-3,-14,5,-1
AS,SFO,SEA,SEA,-7,-11,6,-31
B6,SFO,BOS,BOS,51,21,48,39
AA,SFO,CLT,CLT,1,-6,8,9
AA,SFO,DFW,DFW,-2,-16,2,-19
DL,SFO,LAX,LAX,2,-12,29,0
B6,SFO,BOS,BOS,-1,-6,36,39
B6,SFO,LAS,LAS,3,7,27,12
AA,SFO,ORD,ORD,4,-14,0,-16
DL,SFO,LAX,LAX,-1,4,35,27
AA,SFO,DFW,DFW,-6,-24,20,13
AA,SFO,CLT,CLT,-2,28,2,24
DL,SFO,LAX,LAX,114,113,35,22
DL,SFO,LAX,LAX,-4,21,35,22
AA,SFO,CLT,CLT,22,47,14,6
B6,SFO,BOS,BOS,39,18,107,99
B6,SFO,BOS,BOS,39,18,201,187
DL,SFO,LAX,LAX,-6,-8,72,51
DL,SFO,MSP,MSP,-2,-17,69,57
AA,SFO,CLT,CLT,1,18,14,6
AS,SFO,SEA,SEA,0,9,8,-25
B6,SFO,LAS,LAS,-10,-12,0,6
DL,SFO,LAX,LAX,99,92,12,24
AS,SFO,SEA,SEA,-6,-7,8,-25
VX,SFO,LAS,LAS,121,117,59,75
B6,SFO,LGB,LGB,45,37,130,125
DL,SFO,LAX,LAX,93,124,36,70
B6,SFO,BOS,BOS,126,120,-1,-12
B6,SFO,BOS,BOS,126,120,1,-8
AA,SFO,CLT,CLT,5,28,5,-4
AA,SFO,DFW,DFW,0,-17,86,78
DL,SFO,LAX,LAX,-1,-13,6,-31
AA,SFO,DFW,DFW,6,-10,86,78
AA,SFO,ORD,ORD,-5,121,287,276
DL,SFO,LAX,LAX,-2,-13,-1,-11
B6,SFO,LAS,LAS,1,-4,-10,-33
B6,SFO,BOS,BOS,-5,-1,1,-3
DL,SFO,LAX,LAX,-4,9,-5,16
DL,SFO,LAX,LAX,-4,9,-1,-33
AA,SFO,CLT,CLT,35,36,3,0
DL,SFO,LAX,LAX,13,28,0,-12
B6,SFO,LAS,LAS,-1,-8,-1,-11
DL,SFO,LAX,LAX,28,12,-1,-26
VX,SFO,LAS,LAS,9,10,0,-17
B6,SFO,LGB,LGB,6,-5,42,31
AA,SFO,CLT,CLT,-5,-16,33,29
AA,SFO,CLT,CLT,-1,-3,6,2
DL,SFO,LAX,LAX,10,-2,0,-20
DL,SFO,LAX,LAX,-5,-14,3,-19
B6,SFO,LAS,LAS,2,-10,6,-8
DL,SFO,LAX,LAX,-3,2,0,-15
DL,SFO,LAX,LAX,-3,2,1,-15
AA,SFO,DFW,DFW,-2,-22,2,-24
AA,SFO,ORD,ORD,-1,-7,42,9
AA,SFO,CLT,CLT,-3,-5,51,49
AA,SFO,CLT,CLT,-3,-1,7,19
DL,SFO,LAX,LAX,14,9,22,-4
DL,SFO,SLC,SLC,295,281,2,-11
B6,SFO,LAS,LAS,10,1,6,-15
DL,SFO,LAX,LAX,11,12,35,15
AS,SFO,SEA,SEA,-6,-15,3,-17
VX,SFO,LAS,LAS,8,4,13,-9
VX,SFO,LAS,LAS,-2,-13,13,-9
DL,SFO,LAX,LAX,374,352,-3,-36
B6,SFO,BOS,BOS,141,132,68,66
AA,SFO,CLT,CLT,-2,-19,-1,-5
AA,SFO,CLT,CLT,-5,1,27,24
AA,SFO,DFW,DFW,13,-9,-3,-13
DL,SFO,LAX,LAX,3,-9,7,-27
DL,SFO,LAX,LAX,0,55,0,-36
AA,SFO,DFW,DFW,-5,-31,-2,-19
AA,SFO,ORD,ORD,6,-17,95,69
AA,SFO,CLT,CLT,7,-13,17,12
DL,SFO,LAX,LAX,72,76,10,-20
B6,SFO,LAS,LAS,-1,-15,215,179
DL,SFO,LAX,LAX,79,72,42,2
VX,SFO,LAS,LAS,20,16,23,-1
AS,SFO,SEA,SEA,-2,0,111,86
VX,SFO,LAS,LAS,-3,-4,23,-1
B6,SFO,BOS,BOS,33,3,2,1
AA,SFO,CLT,CLT,-1,-37,-5,-16
AA,SFO,CLT,CLT,8,-21,4,-9
AA,SFO,ORD,ORD,-2,-21,13,4
AA,SFO,DFW,DFW,5,-19,-1,-32
DL,SFO,LAX,LAX,-1,5,29,-16
B6,SFO,LAS,LAS,-8,-15,0,-37
DL,SFO,LAX,LAX,46,46,-1,-38
AA,SFO,DFW,DFW,-4,-30,1,-10
AA,SFO,ORD,ORD,-7,-40,-3,-35
AA,SFO,CLT,CLT,3,-31,3,1
DL,SFO,LAX,LAX,-9,-12,-1,-38
AS,SFO,SEA,SEA,88,80,-8,-30
B6,SFO,LAS,LAS,12,-2,-5,-35
AS,SFO,SEA,SEA,11,11,6,-45
B6,SFO,LAS,LAS,33,25,3,19
AS,SFO,SEA,SEA,-8,-10,6,-45
DL,SFO,LAX,LAX,-2,-4,-4,-10
DL,SFO,LAX,LAX,-2,-4,109,108
VX,SFO,LAS,LAS,-3,-10,8,13
DL,SFO,LAX,LAX,-5,-5,-4,-10
DL,SFO,LAX,LAX,-5,-5,109,108
B6,SFO,BOS,BOS,26,32,-2,-12
AA,SFO,CLT,CLT,-11,-4,-4,-16
DL,SFO,MSP,MSP,-6,-20,-3,-7
AA,SFO,CLT,CLT,-9,-21,-3,-16
AA,SFO,ORD,ORD,-6,-1,-4,-6
AA,SFO,DFW,DFW,-8,-3,0,15
B6,SFO,BOS,BOS,-9,-12,-9,-5
DL,SFO,LAX,LAX,-2,-1,3,12
DL,SFO,LAX,LAX,3,-8,3,12
AA,SFO,ORD,ORD,3,-1,-4,-20
AA,SFO,DFW,DFW,0,-17,-4,-15
DL,SFO,LAX,LAX,-3,-8,-1,4
AA,SFO,ORD,ORD,-7,-20,-4,-20
AA,SFO,CLT,CLT,-10,-6,0,1
DL,SFO,LAX,LAX,-6,-7,-4,12
B6,SFO,LAS,LAS,44,45,0,27
AS,SFO,SEA,SEA,30,38,27,-6
DL,SFO,LAX,LAX,-3,0,-3,-2
DL,SFO,LAX,LAX,-3,0,-3,-2
B6,SFO,BOS,BOS,-6,-17,8,0
AA,SFO,CLT,CLT,-5,-9,-7,-21
AA,SFO,ORD,ORD,-7,-25,-5,-14
AA,SFO,DFW,DFW,-7,-17,4,-4
B6,SFO,LAS,LAS,-5,-25,-3,-12
B6,SFO,BOS,BOS,7,-3,-1,4
DL,SFO,LAX,LAX,0,0,40,32
DL,SFO,LAX,LAX,11,7,40,32
AA,SFO,ORD,ORD,-6,-36,-2,-13
AA,SFO,DFW,DFW,-2,-15,-4,-12
DL,SFO,LAX,LAX,23,27,-9,-8
AA,SFO,ORD,ORD,-2,-30,-2,-13
AA,SFO,CLT,CLT,2,-3,-6,-9
DL,SFO,LAX,LAX,8,8,-1,4
AA,SFO,CLT,CLT,-8,-6,-6,-9
AS,SFO,SEA,SEA,16,9,5,-26
DL,SFO,LAX,LAX,25,18,27,16
B6,SFO,BOS,BOS,34,30,-3,-2
AA,SFO,CLT,CLT,0,-24,-4,-13
DL,SFO,MSP,MSP,-4,-27,-3,-28
AA,SFO,CLT,CLT,-8,-36,8,6
AA,SFO,ORD,ORD,-4,-30,0,-10
AA,SFO,DFW,DFW,-7,-25,0,-12
B6,SFO,BOS,BOS,-6,-26,1,-17
DL,SFO,LAX,LAX,2,39,6,-13
DL,SFO,LAX,LAX,131,178,5,-24
AA,SFO,ORD,ORD,-3,-38,-7,-14
AA,SFO,DFW,DFW,-5,-3,-3,1
AA,SFO,ORD,ORD,-1,-44,-7,-14
AA,SFO,CLT,CLT,0,4,-2,-5
DL,SFO,LAX,LAX,39,44,5,-24
AA,SFO,CLT,CLT,19,-7,-2,-5
AS,SFO,SEA,SEA,-9,-4,-2,-20
B6,SFO,LAS,LAS,45,41,-2,-27
VX,SFO,LAS,LAS,-3,0,6,-8
DL,SFO,LAX,LAX,2,9,4,6
DL,SFO,LAX,LAX,2,9,1,-16
B6,SFO,BOS,BOS,29,20,-6,-3
AA,SFO,CLT,CLT,0,-19,1,11
DL,SFO,MSP,MSP,7,0,-3,-15
AA,SFO,CLT,CLT,13,-19,1,-2
AA,SFO,ORD,ORD,0,-28,-2,-14
AA,SFO,DFW,DFW,-3,-7,4,3
DL,SFO,MSP,MSP,178,154,-9,-37
B6,SFO,BOS,BOS,-9,-44,-1,-8
DL,SFO,LAX,LAX,221,229,-4,-36
DL,SFO,LAX,LAX,17,15,39,6
AA,SFO,ORD,ORD,0,-18,11,-14
DL,SFO,LAX,LAX,2,14,-8,-44
AA,SFO,CLT,CLT,-9,-22,-1,15
DL,SFO,LAX,LAX,-5,11,-4,-36
AA,SFO,CLT,CLT,-3,-1,-2,1
AS,SFO,SEA,SEA,-12,-11,-1,-46
B6,SFO,LAS,LAS,75,70,25,3
AS,SFO,SEA,SEA,-2,9,-1,-46
VX,SFO,LAS,LAS,2,25,-4,-35
DL,SFO,LAX,LAX,-4,-11,-2,-6
DL,SFO,LAX,LAX,-4,-11,0,-27
DL,SFO,LAX,LAX,17,15,19,0
DL,SFO,LAX,LAX,17,15,-2,-6
B6,SFO,BOS,BOS,9,-15,-4,-8
B6,SFO,BOS,BOS,10,-7,-3,-7
DL,SFO,MSP,MSP,-9,3,-3,-21
AA,SFO,CLT,CLT,-5,-19,4,10
AA,SFO,DFW,DFW,-7,-6,4,-19
B6,SFO,LAS,LAS,-7,-20,-2,-24
DL,SFO,LAX,LAX,-2,-12,3,-7
AA,SFO,ORD,ORD,-2,-25,-5,-18
AA,SFO,DFW,DFW,-5,-10,4,-8
AA,SFO,ORD,ORD,-7,-36,-5,-18
AA,SFO,CLT,CLT,-7,-8,0,1
B6,SFO,LAS,LAS,25,10,2,19
AS,SFO,SEA,SEA,-5,-12,10,-30
B6,SFO,BOS,BOS,10,-1,0,-6
B6,SFO,BOS,BOS,10,-1,-2,2
AA,SFO,DFW,DFW,-5,-20,5,-1
B6,SFO,LAS,LAS,-5,-29,-5,-17
B6,SFO,BOS,BOS,-6,-10,3,3
DL,SFO,LAX,LAX,-3,24,17,5
AA,SFO,CLT,CLT,0,42,7,29
DL,SFO,LAX,LAX,13,41,-3,-21
DL,SFO,LAX,LAX,22,19,-3,-21
AA,SFO,CLT,CLT,27,18,15,8
DL,SFO,LAX,LAX,78,88,36,10
DL,SFO,LAX,LAX,94,105,14,-6
AS,SFO,SEA,SEA,11,9,-3,-18
DL,SFO,LAX,LAX,22,68,14,-6
B6,SFO,LAS,LAS,143,133,7,13
AS,SFO,SEA,SEA,-12,-2,-3,-18
VX,SFO,LAS,LAS,47,54,0,-14
DL,SFO,LAX,LAX,91,86,0,-9
AA,SFO,CLT,CLT,-1,-10,14,13
DL,SFO,MSP,MSP,23,24,-4,0
AA,SFO,CLT,CLT,-5,-18,0,5
AA,SFO,ORD,ORD,-6,-8,8,35
AA,SFO,DFW,DFW,-3,-25,14,1
